Start,End,Stage,Day,Zone
1:00,3:30,1,1,1
1:00,3:30,2,1,5
1:00,3:30,3,1,9
1:00,3:30,4,1,13
1:00,3:30,5,1,11
1:00,3:30,6,1,15
1:00,3:30,7,1,3
1:00,3:30,8,1,7
3:00,5:30,1,1,2
3:00,5:30,2,1,6
3:00,5:30,3,1,10
3:00,5:30,4,1,14
3:00,5:30,5,1,1
3:00,5:30,6,1,5
3:00,5:30,7,1,9
3:00,5:30,8,1,13
5:00,7:30,1,1,3
5:00,7:30,2,1,7
5:00,7:30,3,1,11
5:00,7:30,4,1,15
5:00,7:30,5,1,2
5:00,7:30,6,1,6
5:00,7:30,7,1,10
5:00,7:30,8,1,14
7:00,9:30,1,1,4
7:00,9:30,2,1,8
7:00,9:30,3,1,12
7:00,9:30,4,1,16
7:00,9:30,5,1,3
7:00,9:30,6,1,7
7:00,9:30,7,1,11
7:00,9:30,8,1,15
9:00,11:30,1,1,5
9:00,11:30,2,1,9
9:00,11:30,3,1,13
9:00,11:30,4,1,1
9:00,11:30,5,1,4
9:00,11:30,6,1,8
9:00,11:30,7,1,12
9:00,11:30,8,1,16
11:00,13:30,1,1,6
11:00,13:30,2,1,10
11:00,13:30,3,1,14
11:00,13:30,4,1,2
11:00,13:30,5,1,5
11:00,13:30,6,1,9
11:00,13:30,7,1,13
11:00,13:30,8,1,1
13:00,15:30,1,1,7
13:00,15:30,2,1,11
13:00,15:30,3,1,15
13:00,15:30,4,1,3
13:00,15:30,5,1,6
13:00,15:30,6,1,10
13:00,15:30,7,1,14
13:00,15:30,8,1,2
15:00,17:30,1,1,8
15:00,17:30,2,1,12
15:00,17:30,3,1,16
15:00,17:30,4,1,4
15:00,17:30,5,1,7
15:00,17:30,6,1,11
15:00,17:30,7,1,15
15:00,17:30,8,1,3
17:00,19:30,1,1,9
17:00,19:30,2,1,13
17:00,19:30,3,1,1
17:00,19:30,4,1,5
17:00,19:30,5,1,8
17:00,19:30,6,1,12
17:00,19:30,7,1,16
17:00,19:30,8,1,4
19:00,21:30,1,1,10
19:00,21:30,2,1,14
19:00,21:30,3,1,2
19:00,21:30,4,1,6
19:00,21:30,5,1,9
19:00,21:30,6,1,13
19:00,21:30,7,1,1
19:00,21:30,8,1,5
21:00,23:30,1,1,11
21:00,23:30,2,1,15
21:00,23:30,3,1,3
21:00,23:30,4,1,7
21:00,23:30,5,1,10
21:00,23:30,6,1,14
21:00,23:30,7,1,2
21:00,23:30,8,1,6
23:00,1:30,1,1,12
23:00,1:30,2,1,16
23:00,1:30,3,1,4
23:00,1:30,4,1,8
23:00,1:30,5,1,11
23:00,1:30,6,1,15
23:00,1:30,7,1,3
23:00,1:30,8,1,7
1:00,3:30,1,2,13
1:00,3:30,2,2,1
1:00,3:30,3,2,5
1:00,3:30,4,2,9
1:00,3:30,5,2,12
1:00,3:30,6,2,16
1:00,3:30,7,2,4
1:00,3:30,8,2,8
3:00,5:30,1,2,14
3:00,5:30,2,2,2
3:00,5:30,3,2,6
3:00,5:30,4,2,10
3:00,5:30,5,2,13
3:00,5:30,6,2,1
3:00,5:30,7,2,5
3:00,5:30,8,2,9
5:00,7:30,1,2,15
5:00,7:30,2,2,3
5:00,7:30,3,2,7
5:00,7:30,4,2,11
5:00,7:30,5,2,14
5:00,7:30,6,2,2
5:00,7:30,7,2,6
5:00,7:30,8,2,10
7:00,9:30,1,2,16
7:00,9:30,2,2,4
7:00,9:30,3,2,8
7:00,9:30,4,2,12
7:00,9:30,5,2,15
7:00,9:30,6,2,3
7:00,9:30,7,2,7
7:00,9:30,8,2,11
9:00,11:30,1,2,1
9:00,11:30,2,2,5
9:00,11:30,3,2,9
9:00,11:30,4,2,13
9:00,11:30,5,2,16
9:00,11:30,6,2,4
9:00,11:30,7,2,8
9:00,11:30,8,2,12
11:00,13:30,1,2,2
11:00,13:30,2,2,6
11:00,13:30,3,2,10
11:00,13:30,4,2,14
11:00,13:30,5,2,1
11:00,13:30,6,2,5
11:00,13:30,7,2,9
11:00,13:30,8,2,13
13:00,15:30,1,2,3
13:00,15:30,2,2,7
13:00,15:30,3,2,11
13:00,15:30,4,2,15
13:00,15:30,5,2,2
13:00,15:30,6,2,6
13:00,15:30,7,2,10
13:00,15:30,8,2,14
15:00,17:30,1,2,4
15:00,17:30,2,2,8
15:00,17:30,3,2,12
15:00,17:30,4,2,16
15:00,17:30,5,2,3
15:00,17:30,6,2,7
15:00,17:30,7,2,11
15:00,17:30,8,2,15
17:00,19:30,1,2,5
17:00,19:30,2,2,9
17:00,19:30,3,2,13
17:00,19:30,4,2,1
17:00,19:30,5,2,4
17:00,19:30,6,2,8
17:00,19:30,7,2,12
17:00,19:30,8,2,16
19:00,21:30,1,2,6
19:00,21:30,2,2,10
19:00,21:30,3,2,14
19:00,21:30,4,2,2
19:00,21:30,5,2,5
19:00,21:30,6,2,9
19:00,21:30,7,2,13
19:00,21:30,8,2,1
21:00,23:30,1,2,7
21:00,23:30,2,2,11
21:00,23:30,3,2,15
21:00,23:30,4,2,3
21:00,23:30,5,2,6
21:00,23:30,6,2,10
21:00,23:30,7,2,14
21:00,23:30,8,2,2
23:00,1:30,1,2,8
23:00,1:30,2,2,12
23:00,1:30,3,2,16
23:00,1:30,4,2,4
23:00,1:30,5,2,7
23:00,1:30,6,2,11
23:00,1:30,7,2,15
23:00,1:30,8,2,3
1:00,3:30,1,3,9
1:00,3:30,2,3,13
1:00,3:30,3,3,1
1:00,3:30,4,3,5
1:00,3:30,5,3,8
1:00,3:30,6,3,12
1:00,3:30,7,3,16
1:00,3:30,8,3,4
3:00,5:30,1,3,10
3:00,5:30,2,3,14
3:00,5:30,3,3,2
3:00,5:30,4,3,6
3:00,5:30,5,3,9
3:00,5:30,6,3,13
3:00,5:30,7,3,1
3:00,5:30,8,3,5
5:00,7:30,1,3,11
5:00,7:30,2,3,15
5:00,7:30,3,3,3
5:00,7:30,4,3,7
5:00,7:30,5,3,10
5:00,7:30,6,3,14
5:00,7:30,7,3,2
5:00,7:30,8,3,6
7:00,9:30,1,3,12
7:00,9:30,2,3,16
7:00,9:30,3,3,4
7:00,9:30,4,3,8
7:00,9:30,5,3,11
7:00,9:30,6,3,15
7:00,9:30,7,3,3
7:00,9:30,8,3,7
9:00,11:30,1,3,13
9:00,11:30,2,3,1
9:00,11:30,3,3,5
9:00,11:30,4,3,9
9:00,11:30,5,3,12
9:00,11:30,6,3,16
9:00,11:30,7,3,4
9:00,11:30,8,3,8
11:00,13:30,1,3,14
11:00,13:30,2,3,2
11:00,13:30,3,3,6
11:00,13:30,4,3,10
11:00,13:30,5,3,13
11:00,13:30,6,3,1
11:00,13:30,7,3,5
11:00,13:30,8,3,9
13:00,15:30,1,3,15
13:00,15:30,2,3,3
13:00,15:30,3,3,7
13:00,15:30,4,3,11
13:00,15:30,5,3,14
13:00,15:30,6,3,2
13:00,15:30,7,3,6
13:00,15:30,8,3,10
15:00,17:30,1,3,16
15:00,17:30,2,3,4
15:00,17:30,3,3,8
15:00,17:30,4,3,12
15:00,17:30,5,3,15
15:00,17:30,6,3,3
15:00,17:30,7,3,7
15:00,17:30,8,3,11
17:00,19:30,1,3,1
17:00,19:30,2,3,5
17:00,19:30,3,3,9
17:00,19:30,4,3,13
17:00,19:30,5,3,16
17:00,19:30,6,3,4
17:00,19:30,7,3,8
17:00,19:30,8,3,12
19:00,21:30,1,3,2
19:00,21:30,2,3,6
19:00,21:30,3,3,10
19:00,21:30,4,3,14
19:00,21:30,5,3,1
19:00,21:30,6,3,5
19:00,21:30,7,3,9
19:00,21:30,8,3,13
21:00,23:30,1,3,3
21:00,23:30,2,3,7
21:00,23:30,3,3,11
21:00,23:30,4,3,15
21:00,23:30,5,3,2
21:00,23:30,6,3,6
21:00,23:30,7,3,10
21:00,23:30,8,3,14
23:00,1:30,1,3,4
23:00,1:30,2,3,8
23:00,1:30,3,3,12
23:00,1:30,4,3,16
23:00,1:30,5,3,3
23:00,1:30,6,3,7
23:00,1:30,7,3,11
23:00,1:30,8,3,15
1:00,3:30,1,4,5
1:00,3:30,2,4,9
1:00,3:30,3,4,13
1:00,3:30,4,4,1
1:00,3:30,5,4,4
1:00,3:30,6,4,8
1:00,3:30,7,4,12
1:00,3:30,8,4,16
3:00,5:30,1,4,6
3:00,5:30,2,4,10
3:00,5:30,3,4,14
3:00,5:30,4,4,2
3:00,5:30,5,4,5
3:00,5:30,6,4,9
3:00,5:30,7,4,13
3:00,5:30,8,4,1
5:00,7:30,1,4,7
5:00,7:30,2,4,11
5:00,7:30,3,4,15
5:00,7:30,4,4,3
5:00,7:30,5,4,6
5:00,7:30,6,4,10
5:00,7:30,7,4,14
5:00,7:30,8,4,2
7:00,9:30,1,4,8
7:00,9:30,2,4,12
7:00,9:30,3,4,16
7:00,9:30,4,4,4
7:00,9:30,5,4,7
7:00,9:30,6,4,11
7:00,9:30,7,4,15
7:00,9:30,8,4,3
9:00,11:30,1,4,9
9:00,11:30,2,4,13
9:00,11:30,3,4,1
9:00,11:30,4,4,5
9:00,11:30,5,4,8
9:00,11:30,6,4,12
9:00,11:30,7,4,16
9:00,11:30,8,4,4
11:00,13:30,1,4,10
11:00,13:30,2,4,14
11:00,13:30,3,4,2
11:00,13:30,4,4,6
11:00,13:30,5,4,9
11:00,13:30,6,4,13
11:00,13:30,7,4,1
11:00,13:30,8,4,5
13:00,15:30,1,4,11
13:00,15:30,2,4,15
13:00,15:30,3,4,3
13:00,15:30,4,4,7
13:00,15:30,5,4,10
13:00,15:30,6,4,14
13:00,15:30,7,4,2
13:00,15:30,8,4,6
15:00,17:30,1,4,12
15:00,17:30,2,4,16
15:00,17:30,3,4,4
15:00,17:30,4,4,8
15:00,17:30,5,4,11
15:00,17:30,6,4,15
15:00,17:30,7,4,3
15:00,17:30,8,4,7
17:00,19:30,1,4,13
17:00,19:30,2,4,1
17:00,19:30,3,4,5
17:00,19:30,4,4,9
17:00,19:30,5,4,12
17:00,19:30,6,4,16
17:00,19:30,7,4,4
17:00,19:30,8,4,8
19:00,21:30,1,4,14
19:00,21:30,2,4,2
19:00,21:30,3,4,6
19:00,21:30,4,4,10
19:00,21:30,5,4,13
19:00,21:30,6,4,1
19:00,21:30,7,4,5
19:00,21:30,8,4,9
21:00,23:30,1,4,15
21:00,23:30,2,4,3
21:00,23:30,3,4,7
21:00,23:30,4,4,11
21:00,23:30,5,4,14
21:00,23:30,6,4,2
21:00,23:30,7,4,6
21:00,23:30,8,4,10
23:00,1:30,1,4,16
23:00,1:30,2,4,4
23:00,1:30,3,4,8
23:00,1:30,4,4,12
23:00,1:30,5,4,15
23:00,1:30,6,4,3
23:00,1:30,7,4,7
23:00,1:30,8,4,11
1:00,3:30,1,5,2
1:00,3:30,2,5,6
1:00,3:30,3,5,10
1:00,3:30,4,5,14
1:00,3:30,5,5,16
1:00,3:30,6,5,4
1:00,3:30,7,5,8
1:00,3:30,8,5,12
3:00,5:30,1,5,3
3:00,5:30,2,5,7
3:00,5:30,3,5,11
3:00,5:30,4,5,15
3:00,5:30,5,5,2
3:00,5:30,6,5,6
3:00,5:30,7,5,10
3:00,5:30,8,5,14
5:00,7:30,1,5,4
5:00,7:30,2,5,8
5:00,7:30,3,5,12
5:00,7:30,4,5,16
5:00,7:30,5,5,3
5:00,7:30,6,5,7
5:00,7:30,7,5,11
5:00,7:30,8,5,15
7:00,9:30,1,5,5
7:00,9:30,2,5,9
7:00,9:30,3,5,13
7:00,9:30,4,5,1
7:00,9:30,5,5,4
7:00,9:30,6,5,8
7:00,9:30,7,5,12
7:00,9:30,8,5,16
9:00,11:30,1,5,6
9:00,11:30,2,5,10
9:00,11:30,3,5,14
9:00,11:30,4,5,2
9:00,11:30,5,5,5
9:00,11:30,6,5,9
9:00,11:30,7,5,13
9:00,11:30,8,5,1
11:00,13:30,1,5,7
11:00,13:30,2,5,11
11:00,13:30,3,5,15
11:00,13:30,4,5,3
11:00,13:30,5,5,6
11:00,13:30,6,5,10
11:00,13:30,7,5,14
11:00,13:30,8,5,2
13:00,15:30,1,5,8
13:00,15:30,2,5,12
13:00,15:30,3,5,16
13:00,15:30,4,5,4
13:00,15:30,5,5,7
13:00,15:30,6,5,11
13:00,15:30,7,5,15
13:00,15:30,8,5,3
15:00,17:30,1,5,9
15:00,17:30,2,5,13
15:00,17:30,3,5,1
15:00,17:30,4,5,5
15:00,17:30,5,5,8
15:00,17:30,6,5,12
15:00,17:30,7,5,16
15:00,17:30,8,5,4
17:00,19:30,1,5,10
17:00,19:30,2,5,14
17:00,19:30,3,5,2
17:00,19:30,4,5,6
17:00,19:30,5,5,9
17:00,19:30,6,5,13
17:00,19:30,7,5,1
17:00,19:30,8,5,5
19:00,21:30,1,5,11
19:00,21:30,2,5,15
19:00,21:30,3,5,3
19:00,21:30,4,5,7
19:00,21:30,5,5,10
19:00,21:30,6,5,14
19:00,21:30,7,5,2
19:00,21:30,8,5,6
21:00,23:30,1,5,12
21:00,23:30,2,5,16
21:00,23:30,3,5,4
21:00,23:30,4,5,8
21:00,23:30,5,5,11
21:00,23:30,6,5,15
21:00,23:30,7,5,3
21:00,23:30,8,5,7
23:00,1:30,1,5,13
23:00,1:30,2,5,1
23:00,1:30,3,5,5
23:00,1:30,4,5,9
23:00,1:30,5,5,12
23:00,1:30,6,5,16
23:00,1:30,7,5,4
23:00,1:30,8,5,8
1:00,3:30,1,6,14
1:00,3:30,2,6,2
1:00,3:30,3,6,6
1:00,3:30,4,6,10
1:00,3:30,5,6,13
1:00,3:30,6,6,1
1:00,3:30,7,6,5
1:00,3:30,8,6,9
3:00,5:30,1,6,15
3:00,5:30,2,6,3
3:00,5:30,3,6,7
3:00,5:30,4,6,11
3:00,5:30,5,6,14
3:00,5:30,6,6,2
3:00,5:30,7,6,6
3:00,5:30,8,6,10
5:00,7:30,1,6,16
5:00,7:30,2,6,4
5:00,7:30,3,6,8
5:00,7:30,4,6,12
5:00,7:30,5,6,15
5:00,7:30,6,6,3
5:00,7:30,7,6,7
5:00,7:30,8,6,11
7:00,9:30,1,6,1
7:00,9:30,2,6,5
7:00,9:30,3,6,9
7:00,9:30,4,6,13
7:00,9:30,5,6,16
7:00,9:30,6,6,4
7:00,9:30,7,6,8
7:00,9:30,8,6,12
9:00,11:30,1,6,2
9:00,11:30,2,6,6
9:00,11:30,3,6,10
9:00,11:30,4,6,14
9:00,11:30,5,6,1
9:00,11:30,6,6,5
9:00,11:30,7,6,9
9:00,11:30,8,6,13
11:00,13:30,1,6,3
11:00,13:30,2,6,7
11:00,13:30,3,6,11
11:00,13:30,4,6,15
11:00,13:30,5,6,2
11:00,13:30,6,6,6
11:00,13:30,7,6,10
11:00,13:30,8,6,14
13:00,15:30,1,6,4
13:00,15:30,2,6,8
13:00,15:30,3,6,12
13:00,15:30,4,6,16
13:00,15:30,5,6,3
13:00,15:30,6,6,7
13:00,15:30,7,6,11
13:00,15:30,8,6,15
15:00,17:30,1,6,5
15:00,17:30,2,6,9
15:00,17:30,3,6,13
15:00,17:30,4,6,1
15:00,17:30,5,6,4
15:00,17:30,6,6,8
15:00,17:30,7,6,12
15:00,17:30,8,6,16
17:00,19:30,1,6,6
17:00,19:30,2,6,10
17:00,19:30,3,6,14
17:00,19:30,4,6,2
17:00,19:30,5,6,5
17:00,19:30,6,6,9
17:00,19:30,7,6,13
17:00,19:30,8,6,1
19:00,21:30,1,6,7
19:00,21:30,2,6,11
19:00,21:30,3,6,15
19:00,21:30,4,6,3
19:00,21:30,5,6,6
19:00,21:30,6,6,10
19:00,21:30,7,6,14
19:00,21:30,8,6,2
21:00,23:30,1,6,8
21:00,23:30,2,6,12
21:00,23:30,3,6,16
21:00,23:30,4,6,4
21:00,23:30,5,6,7
21:00,23:30,6,6,11
21:00,23:30,7,6,15
21:00,23:30,8,6,3
23:00,1:30,1,6,9
23:00,1:30,2,6,13
23:00,1:30,3,6,1
23:00,1:30,4,6,5
23:00,1:30,5,6,8
23:00,1:30,6,6,12
23:00,1:30,7,6,16
23:00,1:30,8,6,4
1:00,3:30,1,7,10
1:00,3:30,2,7,14
1:00,3:30,3,7,2
1:00,3:30,4,7,6
1:00,3:30,5,7,9
1:00,3:30,6,7,13
1:00,3:30,7,7,1
1:00,3:30,8,7,5
3:00,5:30,1,7,11
3:00,5:30,2,7,15
3:00,5:30,3,7,3
3:00,5:30,4,7,7
3:00,5:30,5,7,10
3:00,5:30,6,7,14
3:00,5:30,7,7,2
3:00,5:30,8,7,6
5:00,7:30,1,7,12
5:00,7:30,2,7,16
5:00,7:30,3,7,4
5:00,7:30,4,7,8
5:00,7:30,5,7,11
5:00,7:30,6,7,15
5:00,7:30,7,7,3
5:00,7:30,8,7,7
7:00,9:30,1,7,13
7:00,9:30,2,7,1
7:00,9:30,3,7,5
7:00,9:30,4,7,9
7:00,9:30,5,7,12
7:00,9:30,6,7,16
7:00,9:30,7,7,4
7:00,9:30,8,7,8
9:00,11:30,1,7,14
9:00,11:30,2,7,2
9:00,11:30,3,7,6
9:00,11:30,4,7,10
9:00,11:30,5,7,13
9:00,11:30,6,7,1
9:00,11:30,7,7,5
9:00,11:30,8,7,9
11:00,13:30,1,7,15
11:00,13:30,2,7,3
11:00,13:30,3,7,7
11:00,13:30,4,7,11
11:00,13:30,5,7,14
11:00,13:30,6,7,2
11:00,13:30,7,7,6
11:00,13:30,8,7,10
13:00,15:30,1,7,16
13:00,15:30,2,7,4
13:00,15:30,3,7,8
13:00,15:30,4,7,12
13:00,15:30,5,7,15
13:00,15:30,6,7,3
13:00,15:30,7,7,7
13:00,15:30,8,7,11
15:00,17:30,1,7,1
15:00,17:30,2,7,5
15:00,17:30,3,7,9
15:00,17:30,4,7,13
15:00,17:30,5,7,16
15:00,17:30,6,7,4
15:00,17:30,7,7,8
15:00,17:30,8,7,12
17:00,19:30,1,7,2
17:00,19:30,2,7,6
17:00,19:30,3,7,10
17:00,19:30,4,7,14
17:00,19:30,5,7,1
17:00,19:30,6,7,5
17:00,19:30,7,7,9
17:00,19:30,8,7,13
19:00,21:30,1,7,3
19:00,21:30,2,7,7
19:00,21:30,3,7,11
19:00,21:30,4,7,15
19:00,21:30,5,7,2
19:00,21:30,6,7,6
19:00,21:30,7,7,10
19:00,21:30,8,7,14
21:00,23:30,1,7,4
21:00,23:30,2,7,8
21:00,23:30,3,7,12
21:00,23:30,4,7,16
21:00,23:30,5,7,3
21:00,23:30,6,7,7
21:00,23:30,7,7,11
21:00,23:30,8,7,15
23:00,1:30,1,7,5
23:00,1:30,2,7,9
23:00,1:30,3,7,13
23:00,1:30,4,7,1
23:00,1:30,5,7,4
23:00,1:30,6,7,8
23:00,1:30,7,7,12
23:00,1:30,8,7,16
1:00,3:30,1,8,6
1:00,3:30,2,8,10
1:00,3:30,3,8,14
1:00,3:30,4,8,2
1:00,3:30,5,8,5
1:00,3:30,6,8,9
1:00,3:30,7,8,13
1:00,3:30,8,8,1
3:00,5:30,1,8,7
3:00,5:30,2,8,11
3:00,5:30,3,8,15
3:00,5:30,4,8,3
3:00,5:30,5,8,6
3:00,5:30,6,8,10
3:00,5:30,7,8,14
3:00,5:30,8,8,2
5:00,7:30,1,8,8
5:00,7:30,2,8,12
5:00,7:30,3,8,16
5:00,7:30,4,8,4
5:00,7:30,5,8,7
5:00,7:30,6,8,11
5:00,7:30,7,8,15
5:00,7:30,8,8,3
7:00,9:30,1,8,9
7:00,9:30,2,8,13
7:00,9:30,3,8,1
7:00,9:30,4,8,5
7:00,9:30,5,8,8
7:00,9:30,6,8,12
7:00,9:30,7,8,16
7:00,9:30,8,8,4
9:00,11:30,1,8,10
9:00,11:30,2,8,14
9:00,11:30,3,8,2
9:00,11:30,4,8,6
9:00,11:30,5,8,9
9:00,11:30,6,8,13
9:00,11:30,7,8,1
9:00,11:30,8,8,5
11:00,13:30,1,8,11
11:00,13:30,2,8,15
11:00,13:30,3,8,3
11:00,13:30,4,8,7
11:00,13:30,5,8,10
11:00,13:30,6,8,14
11:00,13:30,7,8,2
11:00,13:30,8,8,6
13:00,15:30,1,8,12
13:00,15:30,2,8,16
13:00,15:30,3,8,4
13:00,15:30,4,8,8
13:00,15:30,5,8,11
13:00,15:30,6,8,15
13:00,15:30,7,8,3
13:00,15:30,8,8,7
15:00,17:30,1,8,13
15:00,17:30,2,8,1
15:00,17:30,3,8,5
15:00,17:30,4,8,9
15:00,17:30,5,8,12
15:00,17:30,6,8,16
15:00,17:30,7,8,4
15:00,17:30,8,8,8
17:00,19:30,1,8,14
17:00,19:30,2,8,2
17:00,19:30,3,8,6
17:00,19:30,4,8,10
17:00,19:30,5,8,13
17:00,19:30,6,8,1
17:00,19:30,7,8,5
17:00,19:30,8,8,9
19:00,21:30,1,8,15
19:00,21:30,2,8,3
19:00,21:30,3,8,7
19:00,21:30,4,8,11
19:00,21:30,5,8,14
19:00,21:30,6,8,2
19:00,21:30,7,8,6
19:00,21:30,8,8,10
21:00,23:30,1,8,16
21:00,23:30,2,8,4
21:00,23:30,3,8,8
21:00,23:30,4,8,12
21:00,23:30,5,8,15
21:00,23:30,6,8,3
21:00,23:30,7,8,7
21:00,23:30,8,8,11
23:00,1:30,1,8,1
23:00,1:30,2,8,5
23:00,1:30,3,8,9
23:00,1:30,4,8,13
23:00,1:30,5,8,16
23:00,1:30,6,8,4
23:00,1:30,7,8,8
23:00,1:30,8,8,12
1:00,3:30,1,9,3
1:00,3:30,2,9,7
1:00,3:30,3,9,11
1:00,3:30,4,9,15
1:00,3:30,5,9,1
1:00,3:30,6,9,5
1:00,3:30,7,9,9
1:00,3:30,8,9,13
3:00,5:30,1,9,4
3:00,5:30,2,9,8
3:00,5:30,3,9,12
3:00,5:30,4,9,16
3:00,5:30,5,9,3
3:00,5:30,6,9,7
3:00,5:30,7,9,11
3:00,5:30,8,9,15
5:00,7:30,1,9,5
5:00,7:30,2,9,9
5:00,7:30,3,9,13
5:00,7:30,4,9,1
5:00,7:30,5,9,4
5:00,7:30,6,9,8
5:00,7:30,7,9,12
5:00,7:30,8,9,16
7:00,9:30,1,9,6
7:00,9:30,2,9,10
7:00,9:30,3,9,14
7:00,9:30,4,9,2
7:00,9:30,5,9,5
7:00,9:30,6,9,9
7:00,9:30,7,9,13
7:00,9:30,8,9,1
9:00,11:30,1,9,7
9:00,11:30,2,9,11
9:00,11:30,3,9,15
9:00,11:30,4,9,3
9:00,11:30,5,9,6
9:00,11:30,6,9,10
9:00,11:30,7,9,14
9:00,11:30,8,9,2
11:00,13:30,1,9,8
11:00,13:30,2,9,12
11:00,13:30,3,9,16
11:00,13:30,4,9,4
11:00,13:30,5,9,7
11:00,13:30,6,9,11
11:00,13:30,7,9,15
11:00,13:30,8,9,3
13:00,15:30,1,9,9
13:00,15:30,2,9,13
13:00,15:30,3,9,1
13:00,15:30,4,9,5
13:00,15:30,5,9,8
13:00,15:30,6,9,12
13:00,15:30,7,9,16
13:00,15:30,8,9,4
15:00,17:30,1,9,10
15:00,17:30,2,9,14
15:00,17:30,3,9,2
15:00,17:30,4,9,6
15:00,17:30,5,9,9
15:00,17:30,6,9,13
15:00,17:30,7,9,1
15:00,17:30,8,9,5
17:00,19:30,1,9,11
17:00,19:30,2,9,15
17:00,19:30,3,9,3
17:00,19:30,4,9,7
17:00,19:30,5,9,10
17:00,19:30,6,9,14
17:00,19:30,7,9,2
17:00,19:30,8,9,6
19:00,21:30,1,9,12
19:00,21:30,2,9,16
19:00,21:30,3,9,4
19:00,21:30,4,9,8
19:00,21:30,5,9,11
19:00,21:30,6,9,15
19:00,21:30,7,9,3
19:00,21:30,8,9,7
21:00,23:30,1,9,13
21:00,23:30,2,9,1
21:00,23:30,3,9,5
21:00,23:30,4,9,9
21:00,23:30,5,9,12
21:00,23:30,6,9,16
21:00,23:30,7,9,4
21:00,23:30,8,9,8
23:00,1:30,1,9,14
23:00,1:30,2,9,2
23:00,1:30,3,9,6
23:00,1:30,4,9,10
23:00,1:30,5,9,13
23:00,1:30,6,9,1
23:00,1:30,7,9,5
23:00,1:30,8,9,9
1:00,3:30,1,10,15
1:00,3:30,2,10,3
1:00,3:30,3,10,7
1:00,3:30,4,10,11
1:00,3:30,5,10,14
1:00,3:30,6,10,2
1:00,3:30,7,10,6
1:00,3:30,8,10,10
3:00,5:30,1,10,16
3:00,5:30,2,10,4
3:00,5:30,3,10,8
3:00,5:30,4,10,12
3:00,5:30,5,10,15
3:00,5:30,6,10,3
3:00,5:30,7,10,7
3:00,5:30,8,10,11
5:00,7:30,1,10,1
5:00,7:30,2,10,5
5:00,7:30,3,10,9
5:00,7:30,4,10,13
5:00,7:30,5,10,16
5:00,7:30,6,10,4
5:00,7:30,7,10,8
5:00,7:30,8,10,12
7:00,9:30,1,10,2
7:00,9:30,2,10,6
7:00,9:30,3,10,10
7:00,9:30,4,10,14
7:00,9:30,5,10,1
7:00,9:30,6,10,5
7:00,9:30,7,10,9
7:00,9:30,8,10,13
9:00,11:30,1,10,3
9:00,11:30,2,10,7
9:00,11:30,3,10,11
9:00,11:30,4,10,15
9:00,11:30,5,10,2
9:00,11:30,6,10,6
9:00,11:30,7,10,10
9:00,11:30,8,10,14
11:00,13:30,1,10,4
11:00,13:30,2,10,8
11:00,13:30,3,10,12
11:00,13:30,4,10,16
11:00,13:30,5,10,3
11:00,13:30,6,10,7
11:00,13:30,7,10,11
11:00,13:30,8,10,15
13:00,15:30,1,10,5
13:00,15:30,2,10,9
13:00,15:30,3,10,13
13:00,15:30,4,10,1
13:00,15:30,5,10,4
13:00,15:30,6,10,8
13:00,15:30,7,10,12
13:00,15:30,8,10,16
15:00,17:30,1,10,6
15:00,17:30,2,10,10
15:00,17:30,3,10,14
15:00,17:30,4,10,2
15:00,17:30,5,10,5
15:00,17:30,6,10,9
15:00,17:30,7,10,13
15:00,17:30,8,10,1
17:00,19:30,1,10,7
17:00,19:30,2,10,11
17:00,19:30,3,10,15
17:00,19:30,4,10,3
17:00,19:30,5,10,6
17:00,19:30,6,10,10
17:00,19:30,7,10,14
17:00,19:30,8,10,2
19:00,21:30,1,10,8
19:00,21:30,2,10,12
19:00,21:30,3,10,16
19:00,21:30,4,10,4
19:00,21:30,5,10,7
19:00,21:30,6,10,11
19:00,21:30,7,10,15
19:00,21:30,8,10,3
21:00,23:30,1,10,9
21:00,23:30,2,10,13
21:00,23:30,3,10,1
21:00,23:30,4,10,5
21:00,23:30,5,10,8
21:00,23:30,6,10,12
21:00,23:30,7,10,16
21:00,23:30,8,10,4
23:00,1:30,1,10,10
23:00,1:30,2,10,14
23:00,1:30,3,10,2
23:00,1:30,4,10,6
23:00,1:30,5,10,9
23:00,1:30,6,10,13
23:00,1:30,7,10,1
23:00,1:30,8,10,5
1:00,3:30,1,11,11
1:00,3:30,2,11,15
1:00,3:30,3,11,3
1:00,3:30,4,11,7
1:00,3:30,5,11,10
1:00,3:30,6,11,14
1:00,3:30,7,11,2
1:00,3:30,8,11,6
3:00,5:30,1,11,12
3:00,5:30,2,11,16
3:00,5:30,3,11,4
3:00,5:30,4,11,8
3:00,5:30,5,11,11
3:00,5:30,6,11,15
3:00,5:30,7,11,3
3:00,5:30,8,11,7
5:00,7:30,1,11,13
5:00,7:30,2,11,1
5:00,7:30,3,11,5
5:00,7:30,4,11,9
5:00,7:30,5,11,12
5:00,7:30,6,11,16
5:00,7:30,7,11,4
5:00,7:30,8,11,8
7:00,9:30,1,11,14
7:00,9:30,2,11,2
7:00,9:30,3,11,6
7:00,9:30,4,11,10
7:00,9:30,5,11,13
7:00,9:30,6,11,1
7:00,9:30,7,11,5
7:00,9:30,8,11,9
9:00,11:30,1,11,15
9:00,11:30,2,11,3
9:00,11:30,3,11,7
9:00,11:30,4,11,11
9:00,11:30,5,11,14
9:00,11:30,6,11,2
9:00,11:30,7,11,6
9:00,11:30,8,11,10
11:00,13:30,1,11,16
11:00,13:30,2,11,4
11:00,13:30,3,11,8
11:00,13:30,4,11,12
11:00,13:30,5,11,15
11:00,13:30,6,11,3
11:00,13:30,7,11,7
11:00,13:30,8,11,11
13:00,15:30,1,11,1
13:00,15:30,2,11,5
13:00,15:30,3,11,9
13:00,15:30,4,11,13
13:00,15:30,5,11,16
13:00,15:30,6,11,4
13:00,15:30,7,11,8
13:00,15:30,8,11,12
15:00,17:30,1,11,2
15:00,17:30,2,11,6
15:00,17:30,3,11,10
15:00,17:30,4,11,14
15:00,17:30,5,11,1
15:00,17:30,6,11,5
15:00,17:30,7,11,9
15:00,17:30,8,11,13
17:00,19:30,1,11,3
17:00,19:30,2,11,7
17:00,19:30,3,11,11
17:00,19:30,4,11,15
17:00,19:30,5,11,2
17:00,19:30,6,11,6
17:00,19:30,7,11,10
17:00,19:30,8,11,14
19:00,21:30,1,11,4
19:00,21:30,2,11,8
19:00,21:30,3,11,12
19:00,21:30,4,11,16
19:00,21:30,5,11,3
19:00,21:30,6,11,7
19:00,21:30,7,11,11
19:00,21:30,8,11,15
21:00,23:30,1,11,5
21:00,23:30,2,11,9
21:00,23:30,3,11,13
21:00,23:30,4,11,1
21:00,23:30,5,11,4
21:00,23:30,6,11,8
21:00,23:30,7,11,12
21:00,23:30,8,11,16
23:00,1:30,1,11,6
23:00,1:30,2,11,10
23:00,1:30,3,11,14
23:00,1:30,4,11,2
23:00,1:30,5,11,5
23:00,1:30,6,11,9
23:00,1:30,7,11,13
23:00,1:30,8,11,1
1:00,3:30,1,12,7
1:00,3:30,2,12,11
1:00,3:30,3,12,15
1:00,3:30,4,12,3
1:00,3:30,5,12,6
1:00,3:30,6,12,10
1:00,3:30,7,12,14
1:00,3:30,8,12,2
3:00,5:30,1,12,8
3:00,5:30,2,12,12
3:00,5:30,3,12,16
3:00,5:30,4,12,4
3:00,5:30,5,12,7
3:00,5:30,6,12,11
3:00,5:30,7,12,15
3:00,5:30,8,12,3
5:00,7:30,1,12,9
5:00,7:30,2,12,13
5:00,7:30,3,12,1
5:00,7:30,4,12,5
5:00,7:30,5,12,8
5:00,7:30,6,12,12
5:00,7:30,7,12,16
5:00,7:30,8,12,4
7:00,9:30,1,12,10
7:00,9:30,2,12,14
7:00,9:30,3,12,2
7:00,9:30,4,12,6
7:00,9:30,5,12,9
7:00,9:30,6,12,13
7:00,9:30,7,12,1
7:00,9:30,8,12,5
9:00,11:30,1,12,11
9:00,11:30,2,12,15
9:00,11:30,3,12,3
9:00,11:30,4,12,7
9:00,11:30,5,12,10
9:00,11:30,6,12,14
9:00,11:30,7,12,2
9:00,11:30,8,12,6
11:00,13:30,1,12,12
11:00,13:30,2,12,16
11:00,13:30,3,12,4
11:00,13:30,4,12,8
11:00,13:30,5,12,11
11:00,13:30,6,12,15
11:00,13:30,7,12,3
11:00,13:30,8,12,7
13:00,15:30,1,12,13
13:00,15:30,2,12,1
13:00,15:30,3,12,5
13:00,15:30,4,12,9
13:00,15:30,5,12,12
13:00,15:30,6,12,16
13:00,15:30,7,12,4
13:00,15:30,8,12,8
15:00,17:30,1,12,14
15:00,17:30,2,12,2
15:00,17:30,3,12,6
15:00,17:30,4,12,10
15:00,17:30,5,12,13
15:00,17:30,6,12,1
15:00,17:30,7,12,5
15:00,17:30,8,12,9
17:00,19:30,1,12,15
17:00,19:30,2,12,3
17:00,19:30,3,12,7
17:00,19:30,4,12,11
17:00,19:30,5,12,14
17:00,19:30,6,12,2
17:00,19:30,7,12,6
17:00,19:30,8,12,10
19:00,21:30,1,12,16
19:00,21:30,2,12,4
19:00,21:30,3,12,8
19:00,21:30,4,12,12
19:00,21:30,5,12,15
19:00,21:30,6,12,3
19:00,21:30,7,12,7
19:00,21:30,8,12,11
21:00,23:30,1,12,1
21:00,23:30,2,12,5
21:00,23:30,3,12,9
21:00,23:30,4,12,13
21:00,23:30,5,12,16
21:00,23:30,6,12,4
21:00,23:30,7,12,8
21:00,23:30,8,12,12
23:00,1:30,1,12,2
23:00,1:30,2,12,6
23:00,1:30,3,12,10
23:00,1:30,4,12,14
23:00,1:30,5,12,1
23:00,1:30,6,12,5
23:00,1:30,7,12,9
23:00,1:30,8,12,13
1:00,3:30,1,13,4
1:00,3:30,2,13,8
1:00,3:30,3,13,12
1:00,3:30,4,13,16
1:00,3:30,5,13,2
1:00,3:30,6,13,6
1:00,3:30,7,13,10
1:00,3:30,8,13,14
3:00,5:30,1,13,5
3:00,5:30,2,13,9
3:00,5:30,3,13,13
3:00,5:30,4,13,1
3:00,5:30,5,13,4
3:00,5:30,6,13,8
3:00,5:30,7,13,12
3:00,5:30,8,13,16
5:00,7:30,1,13,6
5:00,7:30,2,13,10
5:00,7:30,3,13,14
5:00,7:30,4,13,2
5:00,7:30,5,13,5
5:00,7:30,6,13,9
5:00,7:30,7,13,13
5:00,7:30,8,13,1
7:00,9:30,1,13,7
7:00,9:30,2,13,11
7:00,9:30,3,13,15
7:00,9:30,4,13,3
7:00,9:30,5,13,6
7:00,9:30,6,13,10
7:00,9:30,7,13,14
7:00,9:30,8,13,2
9:00,11:30,1,13,8
9:00,11:30,2,13,12
9:00,11:30,3,13,16
9:00,11:30,4,13,4
9:00,11:30,5,13,7
9:00,11:30,6,13,11
9:00,11:30,7,13,15
9:00,11:30,8,13,3
11:00,13:30,1,13,9
11:00,13:30,2,13,13
11:00,13:30,3,13,1
11:00,13:30,4,13,5
11:00,13:30,5,13,8
11:00,13:30,6,13,12
11:00,13:30,7,13,16
11:00,13:30,8,13,4
13:00,15:30,1,13,10
13:00,15:30,2,13,14
13:00,15:30,3,13,2
13:00,15:30,4,13,6
13:00,15:30,5,13,9
13:00,15:30,6,13,13
13:00,15:30,7,13,1
13:00,15:30,8,13,5
15:00,17:30,1,13,11
15:00,17:30,2,13,15
15:00,17:30,3,13,3
15:00,17:30,4,13,7
15:00,17:30,5,13,10
15:00,17:30,6,13,14
15:00,17:30,7,13,2
15:00,17:30,8,13,6
17:00,19:30,1,13,12
17:00,19:30,2,13,16
17:00,19:30,3,13,4
17:00,19:30,4,13,8
17:00,19:30,5,13,11
17:00,19:30,6,13,15
17:00,19:30,7,13,3
17:00,19:30,8,13,7
19:00,21:30,1,13,13
19:00,21:30,2,13,1
19:00,21:30,3,13,5
19:00,21:30,4,13,9
19:00,21:30,5,13,12
19:00,21:30,6,13,16
19:00,21:30,7,13,4
19:00,21:30,8,13,8
21:00,23:30,1,13,14
21:00,23:30,2,13,2
21:00,23:30,3,13,6
21:00,23:30,4,13,10
21:00,23:30,5,13,13
21:00,23:30,6,13,1
21:00,23:30,7,13,5
21:00,23:30,8,13,9
23:00,1:30,1,13,15
23:00,1:30,2,13,3
23:00,1:30,3,13,7
23:00,1:30,4,13,11
23:00,1:30,5,13,14
23:00,1:30,6,13,2
23:00,1:30,7,13,6
23:00,1:30,8,13,10
1:00,3:30,1,14,16
1:00,3:30,2,14,4
1:00,3:30,3,14,8
1:00,3:30,4,14,12
1:00,3:30,5,14,15
1:00,3:30,6,14,3
1:00,3:30,7,14,7
1:00,3:30,8,14,11
3:00,5:30,1,14,1
3:00,5:30,2,14,5
3:00,5:30,3,14,9
3:00,5:30,4,14,13
3:00,5:30,5,14,16
3:00,5:30,6,14,4
3:00,5:30,7,14,8
3:00,5:30,8,14,12
5:00,7:30,1,14,2
5:00,7:30,2,14,6
5:00,7:30,3,14,10
5:00,7:30,4,14,14
5:00,7:30,5,14,1
5:00,7:30,6,14,5
5:00,7:30,7,14,9
5:00,7:30,8,14,13
7:00,9:30,1,14,3
7:00,9:30,2,14,7
7:00,9:30,3,14,11
7:00,9:30,4,14,15
7:00,9:30,5,14,2
7:00,9:30,6,14,6
7:00,9:30,7,14,10
7:00,9:30,8,14,14
9:00,11:30,1,14,4
9:00,11:30,2,14,8
9:00,11:30,3,14,12
9:00,11:30,4,14,16
9:00,11:30,5,14,3
9:00,11:30,6,14,7
9:00,11:30,7,14,11
9:00,11:30,8,14,15
11:00,13:30,1,14,5
11:00,13:30,2,14,9
11:00,13:30,3,14,13
11:00,13:30,4,14,1
11:00,13:30,5,14,4
11:00,13:30,6,14,8
11:00,13:30,7,14,12
11:00,13:30,8,14,16
13:00,15:30,1,14,6
13:00,15:30,2,14,10
13:00,15:30,3,14,14
13:00,15:30,4,14,2
13:00,15:30,5,14,5
13:00,15:30,6,14,9
13:00,15:30,7,14,13
13:00,15:30,8,14,1
15:00,17:30,1,14,7
15:00,17:30,2,14,11
15:00,17:30,3,14,15
15:00,17:30,4,14,3
15:00,17:30,5,14,6
15:00,17:30,6,14,10
15:00,17:30,7,14,14
15:00,17:30,8,14,2
17:00,19:30,1,14,8
17:00,19:30,2,14,12
17:00,19:30,3,14,16
17:00,19:30,4,14,4
17:00,19:30,5,14,7
17:00,19:30,6,14,11
17:00,19:30,7,14,15
17:00,19:30,8,14,3
19:00,21:30,1,14,9
19:00,21:30,2,14,13
19:00,21:30,3,14,1
19:00,21:30,4,14,5
19:00,21:30,5,14,8
19:00,21:30,6,14,12
19:00,21:30,7,14,16
19:00,21:30,8,14,4
21:00,23:30,1,14,10
21:00,23:30,2,14,14
21:00,23:30,3,14,2
21:00,23:30,4,14,6
21:00,23:30,5,14,9
21:00,23:30,6,14,13
21:00,23:30,7,14,1
21:00,23:30,8,14,5
23:00,1:30,1,14,11
23:00,1:30,2,14,15
23:00,1:30,3,14,3
23:00,1:30,4,14,7
23:00,1:30,5,14,10
23:00,1:30,6,14,14
23:00,1:30,7,14,2
23:00,1:30,8,14,6
1:00,3:30,1,15,12
1:00,3:30,2,15,16
1:00,3:30,3,15,4
1:00,3:30,4,15,8
1:00,3:30,5,15,11
1:00,3:30,6,15,15
1:00,3:30,7,15,3
1:00,3:30,8,15,7
3:00,5:30,1,15,13
3:00,5:30,2,15,1
3:00,5:30,3,15,5
3:00,5:30,4,15,9
3:00,5:30,5,15,12
3:00,5:30,6,15,16
3:00,5:30,7,15,4
3:00,5:30,8,15,8
5:00,7:30,1,15,14
5:00,7:30,2,15,2
5:00,7:30,3,15,6
5:00,7:30,4,15,10
5:00,7:30,5,15,13
5:00,7:30,6,15,1
5:00,7:30,7,15,5
5:00,7:30,8,15,9
7:00,9:30,1,15,15
7:00,9:30,2,15,3
7:00,9:30,3,15,7
7:00,9:30,4,15,11
7:00,9:30,5,15,14
7:00,9:30,6,15,2
7:00,9:30,7,15,6
7:00,9:30,8,15,10
9:00,11:30,1,15,16
9:00,11:30,2,15,4
9:00,11:30,3,15,8
9:00,11:30,4,15,12
9:00,11:30,5,15,15
9:00,11:30,6,15,3
9:00,11:30,7,15,7
9:00,11:30,8,15,11
11:00,13:30,1,15,1
11:00,13:30,2,15,5
11:00,13:30,3,15,9
11:00,13:30,4,15,13
11:00,13:30,5,15,16
11:00,13:30,6,15,4
11:00,13:30,7,15,8
11:00,13:30,8,15,12
13:00,15:30,1,15,2
13:00,15:30,2,15,6
13:00,15:30,3,15,10
13:00,15:30,4,15,14
13:00,15:30,5,15,1
13:00,15:30,6,15,5
13:00,15:30,7,15,9
13:00,15:30,8,15,13
15:00,17:30,1,15,3
15:00,17:30,2,15,7
15:00,17:30,3,15,11
15:00,17:30,4,15,15
15:00,17:30,5,15,2
15:00,17:30,6,15,6
15:00,17:30,7,15,10
15:00,17:30,8,15,14
17:00,19:30,1,15,4
17:00,19:30,2,15,8
17:00,19:30,3,15,12
17:00,19:30,4,15,16
17:00,19:30,5,15,3
17:00,19:30,6,15,7
17:00,19:30,7,15,11
17:00,19:30,8,15,15
19:00,21:30,1,15,5
19:00,21:30,2,15,9
19:00,21:30,3,15,13
19:00,21:30,4,15,1
19:00,21:30,5,15,4
19:00,21:30,6,15,8
19:00,21:30,7,15,12
19:00,21:30,8,15,16
21:00,23:30,1,15,6
21:00,23:30,2,15,10
21:00,23:30,3,15,14
21:00,23:30,4,15,2
21:00,23:30,5,15,5
21:00,23:30,6,15,9
21:00,23:30,7,15,13
21:00,23:30,8,15,1
23:00,1:30,1,15,7
23:00,1:30,2,15,11
23:00,1:30,3,15,15
23:00,1:30,4,15,3
23:00,1:30,5,15,6
23:00,1:30,6,15,10
23:00,1:30,7,15,14
23:00,1:30,8,15,2
1:00,3:30,1,16,8
1:00,3:30,2,16,12
1:00,3:30,3,16,16
1:00,3:30,4,16,4
1:00,3:30,5,16,7
1:00,3:30,6,16,11
1:00,3:30,7,16,15
1:00,3:30,8,16,3
3:00,5:30,1,16,9
3:00,5:30,2,16,13
3:00,5:30,3,16,1
3:00,5:30,4,16,5
3:00,5:30,5,16,8
3:00,5:30,6,16,12
3:00,5:30,7,16,16
3:00,5:30,8,16,4
5:00,7:30,1,16,10
5:00,7:30,2,16,14
5:00,7:30,3,16,2
5:00,7:30,4,16,6
5:00,7:30,5,16,9
5:00,7:30,6,16,13
5:00,7:30,7,16,1
5:00,7:30,8,16,5
7:00,9:30,1,16,11
7:00,9:30,2,16,15
7:00,9:30,3,16,3
7:00,9:30,4,16,7
7:00,9:30,5,16,10
7:00,9:30,6,16,14
7:00,9:30,7,16,2
7:00,9:30,8,16,6
9:00,11:30,1,16,12
9:00,11:30,2,16,16
9:00,11:30,3,16,4
9:00,11:30,4,16,8
9:00,11:30,5,16,11
9:00,11:30,6,16,15
9:00,11:30,7,16,3
9:00,11:30,8,16,7
11:00,13:30,1,16,13
11:00,13:30,2,16,1
11:00,13:30,3,16,5
11:00,13:30,4,16,9
11:00,13:30,5,16,12
11:00,13:30,6,16,16
11:00,13:30,7,16,4
11:00,13:30,8,16,8
13:00,15:30,1,16,14
13:00,15:30,2,16,2
13:00,15:30,3,16,6
13:00,15:30,4,16,10
13:00,15:30,5,16,13
13:00,15:30,6,16,1
13:00,15:30,7,16,5
13:00,15:30,8,16,9
15:00,17:30,1,16,15
15:00,17:30,2,16,3
15:00,17:30,3,16,7
15:00,17:30,4,16,11
15:00,17:30,5,16,14
15:00,17:30,6,16,2
15:00,17:30,7,16,6
15:00,17:30,8,16,10
17:00,19:30,1,16,16
17:00,19:30,2,16,4
17:00,19:30,3,16,8
17:00,19:30,4,16,12
17:00,19:30,5,16,15
17:00,19:30,6,16,3
17:00,19:30,7,16,7
17:00,19:30,8,16,11
19:00,21:30,1,16,1
19:00,21:30,2,16,5
19:00,21:30,3,16,9
19:00,21:30,4,16,13
19:00,21:30,5,16,16
19:00,21:30,6,16,4
19:00,21:30,7,16,8
19:00,21:30,8,16,12
21:00,23:30,1,16,2
21:00,23:30,2,16,6
21:00,23:30,3,16,10
21:00,23:30,4,16,14
21:00,23:30,5,16,1
21:00,23:30,6,16,5
21:00,23:30,7,16,9
21:00,23:30,8,16,13
23:00,1:30,1,16,3
23:00,1:30,2,16,7
23:00,1:30,3,16,11
23:00,1:30,4,16,15
23:00,1:30,5,16,2
23:00,1:30,6,16,6
23:00,1:30,7,16,10
23:00,1:30,8,16,14
1:00,3:30,1,17,5
1:00,3:30,2,17,9
1:00,3:30,3,17,13
1:00,3:30,4,17,1
1:00,3:30,5,17,3
1:00,3:30,6,17,7
1:00,3:30,7,17,11
1:00,3:30,8,17,15
3:00,5:30,1,17,6
3:00,5:30,2,17,10
3:00,5:30,3,17,14
3:00,5:30,4,17,2
3:00,5:30,5,17,5
3:00,5:30,6,17,9
3:00,5:30,7,17,13
3:00,5:30,8,17,1
5:00,7:30,1,17,7
5:00,7:30,2,17,11
5:00,7:30,3,17,15
5:00,7:30,4,17,3
5:00,7:30,5,17,6
5:00,7:30,6,17,10
5:00,7:30,7,17,14
5:00,7:30,8,17,2
7:00,9:30,1,17,8
7:00,9:30,2,17,12
7:00,9:30,3,17,16
7:00,9:30,4,17,4
7:00,9:30,5,17,7
7:00,9:30,6,17,11
7:00,9:30,7,17,15
7:00,9:30,8,17,3
9:00,11:30,1,17,9
9:00,11:30,2,17,13
9:00,11:30,3,17,1
9:00,11:30,4,17,5
9:00,11:30,5,17,8
9:00,11:30,6,17,12
9:00,11:30,7,17,16
9:00,11:30,8,17,4
11:00,13:30,1,17,10
11:00,13:30,2,17,14
11:00,13:30,3,17,2
11:00,13:30,4,17,6
11:00,13:30,5,17,9
11:00,13:30,6,17,13
11:00,13:30,7,17,1
11:00,13:30,8,17,5
13:00,15:30,1,17,11
13:00,15:30,2,17,15
13:00,15:30,3,17,3
13:00,15:30,4,17,7
13:00,15:30,5,17,10
13:00,15:30,6,17,14
13:00,15:30,7,17,2
13:00,15:30,8,17,6
15:00,17:30,1,17,12
15:00,17:30,2,17,16
15:00,17:30,3,17,4
15:00,17:30,4,17,8
15:00,17:30,5,17,11
15:00,17:30,6,17,15
15:00,17:30,7,17,3
15:00,17:30,8,17,7
17:00,19:30,1,17,13
17:00,19:30,2,17,1
17:00,19:30,3,17,5
17:00,19:30,4,17,9
17:00,19:30,5,17,12
17:00,19:30,6,17,16
17:00,19:30,7,17,4
17:00,19:30,8,17,8
19:00,21:30,1,17,14
19:00,21:30,2,17,2
19:00,21:30,3,17,6
19:00,21:30,4,17,10
19:00,21:30,5,17,13
19:00,21:30,6,17,1
19:00,21:30,7,17,5
19:00,21:30,8,17,9
21:00,23:30,1,17,15
21:00,23:30,2,17,3
21:00,23:30,3,17,7
21:00,23:30,4,17,11
21:00,23:30,5,17,14
21:00,23:30,6,17,2
21:00,23:30,7,17,6
21:00,23:30,8,17,10
23:00,1:30,1,17,16
23:00,1:30,2,17,4
23:00,1:30,3,17,8
23:00,1:30,4,17,12
23:00,1:30,5,17,15
23:00,1:30,6,17,3
23:00,1:30,7,17,7
23:00,1:30,8,17,11
1:00,3:30,1,18,1
1:00,3:30,2,18,5
1:00,3:30,3,18,9
1:00,3:30,4,18,13
1:00,3:30,5,18,16
1:00,3:30,6,18,4
1:00,3:30,7,18,8
1:00,3:30,8,18,12
3:00,5:30,1,18,2
3:00,5:30,2,18,6
3:00,5:30,3,18,10
3:00,5:30,4,18,14
3:00,5:30,5,18,1
3:00,5:30,6,18,5
3:00,5:30,7,18,9
3:00,5:30,8,18,13
5:00,7:30,1,18,3
5:00,7:30,2,18,7
5:00,7:30,3,18,11
5:00,7:30,4,18,15
5:00,7:30,5,18,2
5:00,7:30,6,18,6
5:00,7:30,7,18,10
5:00,7:30,8,18,14
7:00,9:30,1,18,4
7:00,9:30,2,18,8
7:00,9:30,3,18,12
7:00,9:30,4,18,16
7:00,9:30,5,18,3
7:00,9:30,6,18,7
7:00,9:30,7,18,11
7:00,9:30,8,18,15
9:00,11:30,1,18,5
9:00,11:30,2,18,9
9:00,11:30,3,18,13
9:00,11:30,4,18,1
9:00,11:30,5,18,4
9:00,11:30,6,18,8
9:00,11:30,7,18,12
9:00,11:30,8,18,16
11:00,13:30,1,18,6
11:00,13:30,2,18,10
11:00,13:30,3,18,14
11:00,13:30,4,18,2
11:00,13:30,5,18,5
11:00,13:30,6,18,9
11:00,13:30,7,18,13
11:00,13:30,8,18,1
13:00,15:30,1,18,7
13:00,15:30,2,18,11
13:00,15:30,3,18,15
13:00,15:30,4,18,3
13:00,15:30,5,18,6
13:00,15:30,6,18,10
13:00,15:30,7,18,14
13:00,15:30,8,18,2
15:00,17:30,1,18,8
15:00,17:30,2,18,12
15:00,17:30,3,18,16
15:00,17:30,4,18,4
15:00,17:30,5,18,7
15:00,17:30,6,18,11
15:00,17:30,7,18,15
15:00,17:30,8,18,3
17:00,19:30,1,18,9
17:00,19:30,2,18,13
17:00,19:30,3,18,1
17:00,19:30,4,18,5
17:00,19:30,5,18,8
17:00,19:30,6,18,12
17:00,19:30,7,18,16
17:00,19:30,8,18,4
19:00,21:30,1,18,10
19:00,21:30,2,18,14
19:00,21:30,3,18,2
19:00,21:30,4,18,6
19:00,21:30,5,18,9
19:00,21:30,6,18,13
19:00,21:30,7,18,1
19:00,21:30,8,18,5
21:00,23:30,1,18,11
21:00,23:30,2,18,15
21:00,23:30,3,18,3
21:00,23:30,4,18,7
21:00,23:30,5,18,10
21:00,23:30,6,18,14
21:00,23:30,7,18,2
21:00,23:30,8,18,6
23:00,1:30,1,18,12
23:00,1:30,2,18,16
23:00,1:30,3,18,4
23:00,1:30,4,18,8
23:00,1:30,5,18,11
23:00,1:30,6,18,15
23:00,1:30,7,18,3
23:00,1:30,8,18,7
1:00,3:30,1,19,13
1:00,3:30,2,19,1
1:00,3:30,3,19,5
1:00,3:30,4,19,9
1:00,3:30,5,19,12
1:00,3:30,6,19,16
1:00,3:30,7,19,4
1:00,3:30,8,19,8
3:00,5:30,1,19,14
3:00,5:30,2,19,2
3:00,5:30,3,19,6
3:00,5:30,4,19,10
3:00,5:30,5,19,13
3:00,5:30,6,19,1
3:00,5:30,7,19,5
3:00,5:30,8,19,9
5:00,7:30,1,19,15
5:00,7:30,2,19,3
5:00,7:30,3,19,7
5:00,7:30,4,19,11
5:00,7:30,5,19,14
5:00,7:30,6,19,2
5:00,7:30,7,19,6
5:00,7:30,8,19,10
7:00,9:30,1,19,16
7:00,9:30,2,19,4
7:00,9:30,3,19,8
7:00,9:30,4,19,12
7:00,9:30,5,19,15
7:00,9:30,6,19,3
7:00,9:30,7,19,7
7:00,9:30,8,19,11
9:00,11:30,1,19,1
9:00,11:30,2,19,5
9:00,11:30,3,19,9
9:00,11:30,4,19,13
9:00,11:30,5,19,16
9:00,11:30,6,19,4
9:00,11:30,7,19,8
9:00,11:30,8,19,12
11:00,13:30,1,19,2
11:00,13:30,2,19,6
11:00,13:30,3,19,10
11:00,13:30,4,19,14
11:00,13:30,5,19,1
11:00,13:30,6,19,5
11:00,13:30,7,19,9
11:00,13:30,8,19,13
13:00,15:30,1,19,3
13:00,15:30,2,19,7
13:00,15:30,3,19,11
13:00,15:30,4,19,15
13:00,15:30,5,19,2
13:00,15:30,6,19,6
13:00,15:30,7,19,10
13:00,15:30,8,19,14
15:00,17:30,1,19,4
15:00,17:30,2,19,8
15:00,17:30,3,19,12
15:00,17:30,4,19,16
15:00,17:30,5,19,3
15:00,17:30,6,19,7
15:00,17:30,7,19,11
15:00,17:30,8,19,15
17:00,19:30,1,19,5
17:00,19:30,2,19,9
17:00,19:30,3,19,13
17:00,19:30,4,19,1
17:00,19:30,5,19,4
17:00,19:30,6,19,8
17:00,19:30,7,19,12
17:00,19:30,8,19,16
19:00,21:30,1,19,6
19:00,21:30,2,19,10
19:00,21:30,3,19,14
19:00,21:30,4,19,2
19:00,21:30,5,19,5
19:00,21:30,6,19,9
19:00,21:30,7,19,13
19:00,21:30,8,19,1
21:00,23:30,1,19,7
21:00,23:30,2,19,11
21:00,23:30,3,19,15
21:00,23:30,4,19,3
21:00,23:30,5,19,6
21:00,23:30,6,19,10
21:00,23:30,7,19,14
21:00,23:30,8,19,2
23:00,1:30,1,19,8
23:00,1:30,2,19,12
23:00,1:30,3,19,16
23:00,1:30,4,19,4
23:00,1:30,5,19,7
23:00,1:30,6,19,11
23:00,1:30,7,19,15
23:00,1:30,8,19,3
1:00,3:30,1,20,9
1:00,3:30,2,20,13
1:00,3:30,3,20,1
1:00,3:30,4,20,5
1:00,3:30,5,20,8
1:00,3:30,6,20,12
1:00,3:30,7,20,16
1:00,3:30,8,20,4
3:00,5:30,1,20,10
3:00,5:30,2,20,14
3:00,5:30,3,20,2
3:00,5:30,4,20,6
3:00,5:30,5,20,9
3:00,5:30,6,20,13
3:00,5:30,7,20,1
3:00,5:30,8,20,5
5:00,7:30,1,20,11
5:00,7:30,2,20,15
5:00,7:30,3,20,3
5:00,7:30,4,20,7
5:00,7:30,5,20,10
5:00,7:30,6,20,14
5:00,7:30,7,20,2
5:00,7:30,8,20,6
7:00,9:30,1,20,12
7:00,9:30,2,20,16
7:00,9:30,3,20,4
7:00,9:30,4,20,8
7:00,9:30,5,20,11
7:00,9:30,6,20,15
7:00,9:30,7,20,3
7:00,9:30,8,20,7
9:00,11:30,1,20,13
9:00,11:30,2,20,1
9:00,11:30,3,20,5
9:00,11:30,4,20,9
9:00,11:30,5,20,12
9:00,11:30,6,20,16
9:00,11:30,7,20,4
9:00,11:30,8,20,8
11:00,13:30,1,20,14
11:00,13:30,2,20,2
11:00,13:30,3,20,6
11:00,13:30,4,20,10
11:00,13:30,5,20,13
11:00,13:30,6,20,1
11:00,13:30,7,20,5
11:00,13:30,8,20,9
13:00,15:30,1,20,15
13:00,15:30,2,20,3
13:00,15:30,3,20,7
13:00,15:30,4,20,11
13:00,15:30,5,20,14
13:00,15:30,6,20,2
13:00,15:30,7,20,6
13:00,15:30,8,20,10
15:00,17:30,1,20,16
15:00,17:30,2,20,4
15:00,17:30,3,20,8
15:00,17:30,4,20,12
15:00,17:30,5,20,15
15:00,17:30,6,20,3
15:00,17:30,7,20,7
15:00,17:30,8,20,11
17:00,19:30,1,20,1
17:00,19:30,2,20,5
17:00,19:30,3,20,9
17:00,19:30,4,20,13
17:00,19:30,5,20,16
17:00,19:30,6,20,4
17:00,19:30,7,20,8
17:00,19:30,8,20,12
19:00,21:30,1,20,2
19:00,21:30,2,20,6
19:00,21:30,3,20,10
19:00,21:30,4,20,14
19:00,21:30,5,20,1
19:00,21:30,6,20,5
19:00,21:30,7,20,9
19:00,21:30,8,20,13
21:00,23:30,1,20,3
21:00,23:30,2,20,7
21:00,23:30,3,20,11
21:00,23:30,4,20,15
21:00,23:30,5,20,2
21:00,23:30,6,20,6
21:00,23:30,7,20,10
21:00,23:30,8,20,14
23:00,1:30,1,20,4
23:00,1:30,2,20,8
23:00,1:30,3,20,12
23:00,1:30,4,20,16
23:00,1:30,5,20,3
23:00,1:30,6,20,7
23:00,1:30,7,20,11
23:00,1:30,8,20,15
1:00,3:30,1,21,6
1:00,3:30,2,21,10
1:00,3:30,3,21,14
1:00,3:30,4,21,2
1:00,3:30,5,21,4
1:00,3:30,6,21,8
1:00,3:30,7,21,12
1:00,3:30,8,21,16
3:00,5:30,1,21,7
3:00,5:30,2,21,11
3:00,5:30,3,21,15
3:00,5:30,4,21,3
3:00,5:30,5,21,6
3:00,5:30,6,21,10
3:00,5:30,7,21,14
3:00,5:30,8,21,2
5:00,7:30,1,21,8
5:00,7:30,2,21,12
5:00,7:30,3,21,16
5:00,7:30,4,21,4
5:00,7:30,5,21,7
5:00,7:30,6,21,11
5:00,7:30,7,21,15
5:00,7:30,8,21,3
7:00,9:30,1,21,9
7:00,9:30,2,21,13
7:00,9:30,3,21,1
7:00,9:30,4,21,5
7:00,9:30,5,21,8
7:00,9:30,6,21,12
7:00,9:30,7,21,16
7:00,9:30,8,21,4
9:00,11:30,1,21,10
9:00,11:30,2,21,14
9:00,11:30,3,21,2
9:00,11:30,4,21,6
9:00,11:30,5,21,9
9:00,11:30,6,21,13
9:00,11:30,7,21,1
9:00,11:30,8,21,5
11:00,13:30,1,21,11
11:00,13:30,2,21,15
11:00,13:30,3,21,3
11:00,13:30,4,21,7
11:00,13:30,5,21,10
11:00,13:30,6,21,14
11:00,13:30,7,21,2
11:00,13:30,8,21,6
13:00,15:30,1,21,12
13:00,15:30,2,21,16
13:00,15:30,3,21,4
13:00,15:30,4,21,8
13:00,15:30,5,21,11
13:00,15:30,6,21,15
13:00,15:30,7,21,3
13:00,15:30,8,21,7
15:00,17:30,1,21,13
15:00,17:30,2,21,1
15:00,17:30,3,21,5
15:00,17:30,4,21,9
15:00,17:30,5,21,12
15:00,17:30,6,21,16
15:00,17:30,7,21,4
15:00,17:30,8,21,8
17:00,19:30,1,21,14
17:00,19:30,2,21,2
17:00,19:30,3,21,6
17:00,19:30,4,21,10
17:00,19:30,5,21,13
17:00,19:30,6,21,1
17:00,19:30,7,21,5
17:00,19:30,8,21,9
19:00,21:30,1,21,15
19:00,21:30,2,21,3
19:00,21:30,3,21,7
19:00,21:30,4,21,11
19:00,21:30,5,21,14
19:00,21:30,6,21,2
19:00,21:30,7,21,6
19:00,21:30,8,21,10
21:00,23:30,1,21,16
21:00,23:30,2,21,4
21:00,23:30,3,21,8
21:00,23:30,4,21,12
21:00,23:30,5,21,15
21:00,23:30,6,21,3
21:00,23:30,7,21,7
21:00,23:30,8,21,11
23:00,1:30,1,21,1
23:00,1:30,2,21,5
23:00,1:30,3,21,9
23:00,1:30,4,21,13
23:00,1:30,5,21,16
23:00,1:30,6,21,4
23:00,1:30,7,21,8
23:00,1:30,8,21,12
1:00,3:30,1,22,2
1:00,3:30,2,22,6
1:00,3:30,3,22,10
1:00,3:30,4,22,14
1:00,3:30,5,22,1
1:00,3:30,6,22,5
1:00,3:30,7,22,9
1:00,3:30,8,22,13
3:00,5:30,1,22,3
3:00,5:30,2,22,7
3:00,5:30,3,22,11
3:00,5:30,4,22,15
3:00,5:30,5,22,2
3:00,5:30,6,22,6
3:00,5:30,7,22,10
3:00,5:30,8,22,14
5:00,7:30,1,22,4
5:00,7:30,2,22,8
5:00,7:30,3,22,12
5:00,7:30,4,22,16
5:00,7:30,5,22,3
5:00,7:30,6,22,7
5:00,7:30,7,22,11
5:00,7:30,8,22,15
7:00,9:30,1,22,5
7:00,9:30,2,22,9
7:00,9:30,3,22,13
7:00,9:30,4,22,1
7:00,9:30,5,22,4
7:00,9:30,6,22,8
7:00,9:30,7,22,12
7:00,9:30,8,22,16
9:00,11:30,1,22,6
9:00,11:30,2,22,10
9:00,11:30,3,22,14
9:00,11:30,4,22,2
9:00,11:30,5,22,5
9:00,11:30,6,22,9
9:00,11:30,7,22,13
9:00,11:30,8,22,1
11:00,13:30,1,22,7
11:00,13:30,2,22,11
11:00,13:30,3,22,15
11:00,13:30,4,22,3
11:00,13:30,5,22,6
11:00,13:30,6,22,10
11:00,13:30,7,22,14
11:00,13:30,8,22,2
13:00,15:30,1,22,8
13:00,15:30,2,22,12
13:00,15:30,3,22,16
13:00,15:30,4,22,4
13:00,15:30,5,22,7
13:00,15:30,6,22,11
13:00,15:30,7,22,15
13:00,15:30,8,22,3
15:00,17:30,1,22,9
15:00,17:30,2,22,13
15:00,17:30,3,22,1
15:00,17:30,4,22,5
15:00,17:30,5,22,8
15:00,17:30,6,22,12
15:00,17:30,7,22,16
15:00,17:30,8,22,4
17:00,19:30,1,22,10
17:00,19:30,2,22,14
17:00,19:30,3,22,2
17:00,19:30,4,22,6
17:00,19:30,5,22,9
17:00,19:30,6,22,13
17:00,19:30,7,22,1
17:00,19:30,8,22,5
19:00,21:30,1,22,11
19:00,21:30,2,22,15
19:00,21:30,3,22,3
19:00,21:30,4,22,7
19:00,21:30,5,22,10
19:00,21:30,6,22,14
19:00,21:30,7,22,2
19:00,21:30,8,22,6
21:00,23:30,1,22,12
21:00,23:30,2,22,16
21:00,23:30,3,22,4
21:00,23:30,4,22,8
21:00,23:30,5,22,11
21:00,23:30,6,22,15
21:00,23:30,7,22,3
21:00,23:30,8,22,7
23:00,1:30,1,22,13
23:00,1:30,2,22,1
23:00,1:30,3,22,5
23:00,1:30,4,22,9
23:00,1:30,5,22,12
23:00,1:30,6,22,16
23:00,1:30,7,22,4
23:00,1:30,8,22,8
1:00,3:30,1,23,14
1:00,3:30,2,23,2
1:00,3:30,3,23,6
1:00,3:30,4,23,10
1:00,3:30,5,23,13
1:00,3:30,6,23,1
1:00,3:30,7,23,5
1:00,3:30,8,23,9
3:00,5:30,1,23,15
3:00,5:30,2,23,3
3:00,5:30,3,23,7
3:00,5:30,4,23,11
3:00,5:30,5,23,14
3:00,5:30,6,23,2
3:00,5:30,7,23,6
3:00,5:30,8,23,10
5:00,7:30,1,23,16
5:00,7:30,2,23,4
5:00,7:30,3,23,8
5:00,7:30,4,23,12
5:00,7:30,5,23,15
5:00,7:30,6,23,3
5:00,7:30,7,23,7
5:00,7:30,8,23,11
7:00,9:30,1,23,1
7:00,9:30,2,23,5
7:00,9:30,3,23,9
7:00,9:30,4,23,13
7:00,9:30,5,23,16
7:00,9:30,6,23,4
7:00,9:30,7,23,8
7:00,9:30,8,23,12
9:00,11:30,1,23,2
9:00,11:30,2,23,6
9:00,11:30,3,23,10
9:00,11:30,4,23,14
9:00,11:30,5,23,1
9:00,11:30,6,23,5
9:00,11:30,7,23,9
9:00,11:30,8,23,13
11:00,13:30,1,23,3
11:00,13:30,2,23,7
11:00,13:30,3,23,11
11:00,13:30,4,23,15
11:00,13:30,5,23,2
11:00,13:30,6,23,6
11:00,13:30,7,23,10
11:00,13:30,8,23,14
13:00,15:30,1,23,4
13:00,15:30,2,23,8
13:00,15:30,3,23,12
13:00,15:30,4,23,16
13:00,15:30,5,23,3
13:00,15:30,6,23,7
13:00,15:30,7,23,11
13:00,15:30,8,23,15
15:00,17:30,1,23,5
15:00,17:30,2,23,9
15:00,17:30,3,23,13
15:00,17:30,4,23,1
15:00,17:30,5,23,4
15:00,17:30,6,23,8
15:00,17:30,7,23,12
15:00,17:30,8,23,16
17:00,19:30,1,23,6
17:00,19:30,2,23,10
17:00,19:30,3,23,14
17:00,19:30,4,23,2
17:00,19:30,5,23,5
17:00,19:30,6,23,9
17:00,19:30,7,23,13
17:00,19:30,8,23,1
19:00,21:30,1,23,7
19:00,21:30,2,23,11
19:00,21:30,3,23,15
19:00,21:30,4,23,3
19:00,21:30,5,23,6
19:00,21:30,6,23,10
19:00,21:30,7,23,14
19:00,21:30,8,23,2
21:00,23:30,1,23,8
21:00,23:30,2,23,12
21:00,23:30,3,23,16
21:00,23:30,4,23,4
21:00,23:30,5,23,7
21:00,23:30,6,23,11
21:00,23:30,7,23,15
21:00,23:30,8,23,3
23:00,1:30,1,23,9
23:00,1:30,2,23,13
23:00,1:30,3,23,1
23:00,1:30,4,23,5
23:00,1:30,5,23,8
23:00,1:30,6,23,12
23:00,1:30,7,23,16
23:00,1:30,8,23,4
1:00,3:30,1,24,10
1:00,3:30,2,24,14
1:00,3:30,3,24,2
1:00,3:30,4,24,6
1:00,3:30,5,24,9
1:00,3:30,6,24,13
1:00,3:30,7,24,1
1:00,3:30,8,24,5
3:00,5:30,1,24,11
3:00,5:30,2,24,15
3:00,5:30,3,24,3
3:00,5:30,4,24,7
3:00,5:30,5,24,10
3:00,5:30,6,24,14
3:00,5:30,7,24,2
3:00,5:30,8,24,6
5:00,7:30,1,24,12
5:00,7:30,2,24,16
5:00,7:30,3,24,4
5:00,7:30,4,24,8
5:00,7:30,5,24,11
5:00,7:30,6,24,15
5:00,7:30,7,24,3
5:00,7:30,8,24,7
7:00,9:30,1,24,13
7:00,9:30,2,24,1
7:00,9:30,3,24,5
7:00,9:30,4,24,9
7:00,9:30,5,24,12
7:00,9:30,6,24,16
7:00,9:30,7,24,4
7:00,9:30,8,24,8
9:00,11:30,1,24,14
9:00,11:30,2,24,2
9:00,11:30,3,24,6
9:00,11:30,4,24,10
9:00,11:30,5,24,13
9:00,11:30,6,24,1
9:00,11:30,7,24,5
9:00,11:30,8,24,9
11:00,13:30,1,24,15
11:00,13:30,2,24,3
11:00,13:30,3,24,7
11:00,13:30,4,24,11
11:00,13:30,5,24,14
11:00,13:30,6,24,2
11:00,13:30,7,24,6
11:00,13:30,8,24,10
13:00,15:30,1,24,16
13:00,15:30,2,24,4
13:00,15:30,3,24,8
13:00,15:30,4,24,12
13:00,15:30,5,24,15
13:00,15:30,6,24,3
13:00,15:30,7,24,7
13:00,15:30,8,24,11
15:00,17:30,1,24,1
15:00,17:30,2,24,5
15:00,17:30,3,24,9
15:00,17:30,4,24,13
15:00,17:30,5,24,16
15:00,17:30,6,24,4
15:00,17:30,7,24,8
15:00,17:30,8,24,12
17:00,19:30,1,24,2
17:00,19:30,2,24,6
17:00,19:30,3,24,10
17:00,19:30,4,24,14
17:00,19:30,5,24,1
17:00,19:30,6,24,5
17:00,19:30,7,24,9
17:00,19:30,8,24,13
19:00,21:30,1,24,3
19:00,21:30,2,24,7
19:00,21:30,3,24,11
19:00,21:30,4,24,15
19:00,21:30,5,24,2
19:00,21:30,6,24,6
19:00,21:30,7,24,10
19:00,21:30,8,24,14
21:00,23:30,1,24,4
21:00,23:30,2,24,8
21:00,23:30,3,24,12
21:00,23:30,4,24,16
21:00,23:30,5,24,3
21:00,23:30,6,24,7
21:00,23:30,7,24,11
21:00,23:30,8,24,15
23:00,1:30,1,24,5
23:00,1:30,2,24,9
23:00,1:30,3,24,13
23:00,1:30,4,24,1
23:00,1:30,5,24,4
23:00,1:30,6,24,8
23:00,1:30,7,24,12
23:00,1:30,8,24,16
1:00,3:30,1,25,7
1:00,3:30,2,25,11
1:00,3:30,3,25,15
1:00,3:30,4,25,3
1:00,3:30,5,25,5
1:00,3:30,6,25,9
1:00,3:30,7,25,13
1:00,3:30,8,25,1
3:00,5:30,1,25,8
3:00,5:30,2,25,12
3:00,5:30,3,25,16
3:00,5:30,4,25,4
3:00,5:30,5,25,7
3:00,5:30,6,25,11
3:00,5:30,7,25,15
3:00,5:30,8,25,3
5:00,7:30,1,25,9
5:00,7:30,2,25,13
5:00,7:30,3,25,1
5:00,7:30,4,25,5
5:00,7:30,5,25,8
5:00,7:30,6,25,12
5:00,7:30,7,25,16
5:00,7:30,8,25,4
7:00,9:30,1,25,10
7:00,9:30,2,25,14
7:00,9:30,3,25,2
7:00,9:30,4,25,6
7:00,9:30,5,25,9
7:00,9:30,6,25,13
7:00,9:30,7,25,1
7:00,9:30,8,25,5
9:00,11:30,1,25,11
9:00,11:30,2,25,15
9:00,11:30,3,25,3
9:00,11:30,4,25,7
9:00,11:30,5,25,10
9:00,11:30,6,25,14
9:00,11:30,7,25,2
9:00,11:30,8,25,6
11:00,13:30,1,25,12
11:00,13:30,2,25,16
11:00,13:30,3,25,4
11:00,13:30,4,25,8
11:00,13:30,5,25,11
11:00,13:30,6,25,15
11:00,13:30,7,25,3
11:00,13:30,8,25,7
13:00,15:30,1,25,13
13:00,15:30,2,25,1
13:00,15:30,3,25,5
13:00,15:30,4,25,9
13:00,15:30,5,25,12
13:00,15:30,6,25,16
13:00,15:30,7,25,4
13:00,15:30,8,25,8
15:00,17:30,1,25,14
15:00,17:30,2,25,2
15:00,17:30,3,25,6
15:00,17:30,4,25,10
15:00,17:30,5,25,13
15:00,17:30,6,25,1
15:00,17:30,7,25,5
15:00,17:30,8,25,9
17:00,19:30,1,25,15
17:00,19:30,2,25,3
17:00,19:30,3,25,7
17:00,19:30,4,25,11
17:00,19:30,5,25,14
17:00,19:30,6,25,2
17:00,19:30,7,25,6
17:00,19:30,8,25,10
19:00,21:30,1,25,16
19:00,21:30,2,25,4
19:00,21:30,3,25,8
19:00,21:30,4,25,12
19:00,21:30,5,25,15
19:00,21:30,6,25,3
19:00,21:30,7,25,7
19:00,21:30,8,25,11
21:00,23:30,1,25,1
21:00,23:30,2,25,5
21:00,23:30,3,25,9
21:00,23:30,4,25,13
21:00,23:30,5,25,16
21:00,23:30,6,25,4
21:00,23:30,7,25,8
21:00,23:30,8,25,12
23:00,1:30,1,25,2
23:00,1:30,2,25,6
23:00,1:30,3,25,10
23:00,1:30,4,25,14
23:00,1:30,5,25,1
23:00,1:30,6,25,5
23:00,1:30,7,25,9
23:00,1:30,8,25,13
1:00,3:30,1,26,3
1:00,3:30,2,26,7
1:00,3:30,3,26,11
1:00,3:30,4,26,15
1:00,3:30,5,26,2
1:00,3:30,6,26,6
1:00,3:30,7,26,10
1:00,3:30,8,26,14
3:00,5:30,1,26,4
3:00,5:30,2,26,8
3:00,5:30,3,26,12
3:00,5:30,4,26,16
3:00,5:30,5,26,3
3:00,5:30,6,26,7
3:00,5:30,7,26,11
3:00,5:30,8,26,15
5:00,7:30,1,26,5
5:00,7:30,2,26,9
5:00,7:30,3,26,13
5:00,7:30,4,26,1
5:00,7:30,5,26,4
5:00,7:30,6,26,8
5:00,7:30,7,26,12
5:00,7:30,8,26,16
7:00,9:30,1,26,6
7:00,9:30,2,26,10
7:00,9:30,3,26,14
7:00,9:30,4,26,2
7:00,9:30,5,26,5
7:00,9:30,6,26,9
7:00,9:30,7,26,13
7:00,9:30,8,26,1
9:00,11:30,1,26,7
9:00,11:30,2,26,11
9:00,11:30,3,26,15
9:00,11:30,4,26,3
9:00,11:30,5,26,6
9:00,11:30,6,26,10
9:00,11:30,7,26,14
9:00,11:30,8,26,2
11:00,13:30,1,26,8
11:00,13:30,2,26,12
11:00,13:30,3,26,16
11:00,13:30,4,26,4
11:00,13:30,5,26,7
11:00,13:30,6,26,11
11:00,13:30,7,26,15
11:00,13:30,8,26,3
13:00,15:30,1,26,9
13:00,15:30,2,26,13
13:00,15:30,3,26,1
13:00,15:30,4,26,5
13:00,15:30,5,26,8
13:00,15:30,6,26,12
13:00,15:30,7,26,16
13:00,15:30,8,26,4
15:00,17:30,1,26,10
15:00,17:30,2,26,14
15:00,17:30,3,26,2
15:00,17:30,4,26,6
15:00,17:30,5,26,9
15:00,17:30,6,26,13
15:00,17:30,7,26,1
15:00,17:30,8,26,5
17:00,19:30,1,26,11
17:00,19:30,2,26,15
17:00,19:30,3,26,3
17:00,19:30,4,26,7
17:00,19:30,5,26,10
17:00,19:30,6,26,14
17:00,19:30,7,26,2
17:00,19:30,8,26,6
19:00,21:30,1,26,12
19:00,21:30,2,26,16
19:00,21:30,3,26,4
19:00,21:30,4,26,8
19:00,21:30,5,26,11
19:00,21:30,6,26,15
19:00,21:30,7,26,3
19:00,21:30,8,26,7
21:00,23:30,1,26,13
21:00,23:30,2,26,1
21:00,23:30,3,26,5
21:00,23:30,4,26,9
21:00,23:30,5,26,12
21:00,23:30,6,26,16
21:00,23:30,7,26,4
21:00,23:30,8,26,8
23:00,1:30,1,26,14
23:00,1:30,2,26,2
23:00,1:30,3,26,6
23:00,1:30,4,26,10
23:00,1:30,5,26,13
23:00,1:30,6,26,1
23:00,1:30,7,26,5
23:00,1:30,8,26,9
1:00,3:30,1,27,15
1:00,3:30,2,27,3
1:00,3:30,3,27,7
1:00,3:30,4,27,11
1:00,3:30,5,27,14
1:00,3:30,6,27,2
1:00,3:30,7,27,6
1:00,3:30,8,27,10
3:00,5:30,1,27,16
3:00,5:30,2,27,4
3:00,5:30,3,27,8
3:00,5:30,4,27,12
3:00,5:30,5,27,15
3:00,5:30,6,27,3
3:00,5:30,7,27,7
3:00,5:30,8,27,11
5:00,7:30,1,27,1
5:00,7:30,2,27,5
5:00,7:30,3,27,9
5:00,7:30,4,27,13
5:00,7:30,5,27,16
5:00,7:30,6,27,4
5:00,7:30,7,27,8
5:00,7:30,8,27,12
7:00,9:30,1,27,2
7:00,9:30,2,27,6
7:00,9:30,3,27,10
7:00,9:30,4,27,14
7:00,9:30,5,27,1
7:00,9:30,6,27,5
7:00,9:30,7,27,9
7:00,9:30,8,27,13
9:00,11:30,1,27,3
9:00,11:30,2,27,7
9:00,11:30,3,27,11
9:00,11:30,4,27,15
9:00,11:30,5,27,2
9:00,11:30,6,27,6
9:00,11:30,7,27,10
9:00,11:30,8,27,14
11:00,13:30,1,27,4
11:00,13:30,2,27,8
11:00,13:30,3,27,12
11:00,13:30,4,27,16
11:00,13:30,5,27,3
11:00,13:30,6,27,7
11:00,13:30,7,27,11
11:00,13:30,8,27,15
13:00,15:30,1,27,5
13:00,15:30,2,27,9
13:00,15:30,3,27,13
13:00,15:30,4,27,1
13:00,15:30,5,27,4
13:00,15:30,6,27,8
13:00,15:30,7,27,12
13:00,15:30,8,27,16
15:00,17:30,1,27,6
15:00,17:30,2,27,10
15:00,17:30,3,27,14
15:00,17:30,4,27,2
15:00,17:30,5,27,5
15:00,17:30,6,27,9
15:00,17:30,7,27,13
15:00,17:30,8,27,1
17:00,19:30,1,27,7
17:00,19:30,2,27,11
17:00,19:30,3,27,15
17:00,19:30,4,27,3
17:00,19:30,5,27,6
17:00,19:30,6,27,10
17:00,19:30,7,27,14
17:00,19:30,8,27,2
19:00,21:30,1,27,8
19:00,21:30,2,27,12
19:00,21:30,3,27,16
19:00,21:30,4,27,4
19:00,21:30,5,27,7
19:00,21:30,6,27,11
19:00,21:30,7,27,15
19:00,21:30,8,27,3
21:00,23:30,1,27,9
21:00,23:30,2,27,13
21:00,23:30,3,27,1
21:00,23:30,4,27,5
21:00,23:30,5,27,8
21:00,23:30,6,27,12
21:00,23:30,7,27,16
21:00,23:30,8,27,4
23:00,1:30,1,27,10
23:00,1:30,2,27,14
23:00,1:30,3,27,2
23:00,1:30,4,27,6
23:00,1:30,5,27,9
23:00,1:30,6,27,13
23:00,1:30,7,27,1
23:00,1:30,8,27,5
1:00,3:30,1,28,11
1:00,3:30,2,28,15
1:00,3:30,3,28,3
1:00,3:30,4,28,7
1:00,3:30,5,28,10
1:00,3:30,6,28,14
1:00,3:30,7,28,2
1:00,3:30,8,28,6
3:00,5:30,1,28,12
3:00,5:30,2,28,16
3:00,5:30,3,28,4
3:00,5:30,4,28,8
3:00,5:30,5,28,11
3:00,5:30,6,28,15
3:00,5:30,7,28,3
3:00,5:30,8,28,7
5:00,7:30,1,28,13
5:00,7:30,2,28,1
5:00,7:30,3,28,5
5:00,7:30,4,28,9
5:00,7:30,5,28,12
5:00,7:30,6,28,16
5:00,7:30,7,28,4
5:00,7:30,8,28,8
7:00,9:30,1,28,14
7:00,9:30,2,28,2
7:00,9:30,3,28,6
7:00,9:30,4,28,10
7:00,9:30,5,28,13
7:00,9:30,6,28,1
7:00,9:30,7,28,5
7:00,9:30,8,28,9
9:00,11:30,1,28,15
9:00,11:30,2,28,3
9:00,11:30,3,28,7
9:00,11:30,4,28,11
9:00,11:30,5,28,14
9:00,11:30,6,28,2
9:00,11:30,7,28,6
9:00,11:30,8,28,10
11:00,13:30,1,28,16
11:00,13:30,2,28,4
11:00,13:30,3,28,8
11:00,13:30,4,28,12
11:00,13:30,5,28,15
11:00,13:30,6,28,3
11:00,13:30,7,28,7
11:00,13:30,8,28,11
13:00,15:30,1,28,1
13:00,15:30,2,28,5
13:00,15:30,3,28,9
13:00,15:30,4,28,13
13:00,15:30,5,28,16
13:00,15:30,6,28,4
13:00,15:30,7,28,8
13:00,15:30,8,28,12
15:00,17:30,1,28,2
15:00,17:30,2,28,6
15:00,17:30,3,28,10
15:00,17:30,4,28,14
15:00,17:30,5,28,1
15:00,17:30,6,28,5
15:00,17:30,7,28,9
15:00,17:30,8,28,13
17:00,19:30,1,28,3
17:00,19:30,2,28,7
17:00,19:30,3,28,11
17:00,19:30,4,28,15
17:00,19:30,5,28,2
17:00,19:30,6,28,6
17:00,19:30,7,28,10
17:00,19:30,8,28,14
19:00,21:30,1,28,4
19:00,21:30,2,28,8
19:00,21:30,3,28,12
19:00,21:30,4,28,16
19:00,21:30,5,28,3
19:00,21:30,6,28,7
19:00,21:30,7,28,11
19:00,21:30,8,28,15
21:00,23:30,1,28,5
21:00,23:30,2,28,9
21:00,23:30,3,28,13
21:00,23:30,4,28,1
21:00,23:30,5,28,4
21:00,23:30,6,28,8
21:00,23:30,7,28,12
21:00,23:30,8,28,16
23:00,1:30,1,28,6
23:00,1:30,2,28,10
23:00,1:30,3,28,14
23:00,1:30,4,28,2
23:00,1:30,5,28,5
23:00,1:30,6,28,9
23:00,1:30,7,28,13
23:00,1:30,8,28,1
1:00,3:30,1,29,8
1:00,3:30,2,29,12
1:00,3:30,3,29,16
1:00,3:30,4,29,4
1:00,3:30,5,29,6
1:00,3:30,6,29,10
1:00,3:30,7,29,14
1:00,3:30,8,29,2
3:00,5:30,1,29,9
3:00,5:30,2,29,13
3:00,5:30,3,29,1
3:00,5:30,4,29,5
3:00,5:30,5,29,8
3:00,5:30,6,29,12
3:00,5:30,7,29,16
3:00,5:30,8,29,4
5:00,7:30,1,29,10
5:00,7:30,2,29,14
5:00,7:30,3,29,2
5:00,7:30,4,29,6
5:00,7:30,5,29,9
5:00,7:30,6,29,13
5:00,7:30,7,29,1
5:00,7:30,8,29,5
7:00,9:30,1,29,11
7:00,9:30,2,29,15
7:00,9:30,3,29,3
7:00,9:30,4,29,7
7:00,9:30,5,29,10
7:00,9:30,6,29,14
7:00,9:30,7,29,2
7:00,9:30,8,29,6
9:00,11:30,1,29,12
9:00,11:30,2,29,16
9:00,11:30,3,29,4
9:00,11:30,4,29,8
9:00,11:30,5,29,11
9:00,11:30,6,29,15
9:00,11:30,7,29,3
9:00,11:30,8,29,7
11:00,13:30,1,29,13
11:00,13:30,2,29,1
11:00,13:30,3,29,5
11:00,13:30,4,29,9
11:00,13:30,5,29,12
11:00,13:30,6,29,16
11:00,13:30,7,29,4
11:00,13:30,8,29,8
13:00,15:30,1,29,14
13:00,15:30,2,29,2
13:00,15:30,3,29,6
13:00,15:30,4,29,10
13:00,15:30,5,29,13
13:00,15:30,6,29,1
13:00,15:30,7,29,5
13:00,15:30,8,29,9
15:00,17:30,1,29,15
15:00,17:30,2,29,3
15:00,17:30,3,29,7
15:00,17:30,4,29,11
15:00,17:30,5,29,14
15:00,17:30,6,29,2
15:00,17:30,7,29,6
15:00,17:30,8,29,10
17:00,19:30,1,29,16
17:00,19:30,2,29,4
17:00,19:30,3,29,8
17:00,19:30,4,29,12
17:00,19:30,5,29,15
17:00,19:30,6,29,3
17:00,19:30,7,29,7
17:00,19:30,8,29,11
19:00,21:30,1,29,1
19:00,21:30,2,29,5
19:00,21:30,3,29,9
19:00,21:30,4,29,13
19:00,21:30,5,29,16
19:00,21:30,6,29,4
19:00,21:30,7,29,8
19:00,21:30,8,29,12
21:00,23:30,1,29,2
21:00,23:30,2,29,6
21:00,23:30,3,29,10
21:00,23:30,4,29,14
21:00,23:30,5,29,1
21:00,23:30,6,29,5
21:00,23:30,7,29,9
21:00,23:30,8,29,13
23:00,1:30,1,29,3
23:00,1:30,2,29,7
23:00,1:30,3,29,11
23:00,1:30,4,29,15
23:00,1:30,5,29,2
23:00,1:30,6,29,6
23:00,1:30,7,29,10
23:00,1:30,8,29,14
1:00,3:30,1,30,4
1:00,3:30,2,30,8
1:00,3:30,3,30,12
1:00,3:30,4,30,16
1:00,3:30,5,30,3
1:00,3:30,6,30,7
1:00,3:30,7,30,11
1:00,3:30,8,30,15
3:00,5:30,1,30,5
3:00,5:30,2,30,9
3:00,5:30,3,30,13
3:00,5:30,4,30,1
3:00,5:30,5,30,4
3:00,5:30,6,30,8
3:00,5:30,7,30,12
3:00,5:30,8,30,16
5:00,7:30,1,30,6
5:00,7:30,2,30,10
5:00,7:30,3,30,14
5:00,7:30,4,30,2
5:00,7:30,5,30,5
5:00,7:30,6,30,9
5:00,7:30,7,30,13
5:00,7:30,8,30,1
7:00,9:30,1,30,7
7:00,9:30,2,30,11
7:00,9:30,3,30,15
7:00,9:30,4,30,3
7:00,9:30,5,30,6
7:00,9:30,6,30,10
7:00,9:30,7,30,14
7:00,9:30,8,30,2
9:00,11:30,1,30,8
9:00,11:30,2,30,12
9:00,11:30,3,30,16
9:00,11:30,4,30,4
9:00,11:30,5,30,7
9:00,11:30,6,30,11
9:00,11:30,7,30,15
9:00,11:30,8,30,3
11:00,13:30,1,30,9
11:00,13:30,2,30,13
11:00,13:30,3,30,1
11:00,13:30,4,30,5
11:00,13:30,5,30,8
11:00,13:30,6,30,12
11:00,13:30,7,30,16
11:00,13:30,8,30,4
13:00,15:30,1,30,10
13:00,15:30,2,30,14
13:00,15:30,3,30,2
13:00,15:30,4,30,6
13:00,15:30,5,30,9
13:00,15:30,6,30,13
13:00,15:30,7,30,1
13:00,15:30,8,30,5
15:00,17:30,1,30,11
15:00,17:30,2,30,15
15:00,17:30,3,30,3
15:00,17:30,4,30,7
15:00,17:30,5,30,10
15:00,17:30,6,30,14
15:00,17:30,7,30,2
15:00,17:30,8,30,6
17:00,19:30,1,30,12
17:00,19:30,2,30,16
17:00,19:30,3,30,4
17:00,19:30,4,30,8
17:00,19:30,5,30,11
17:00,19:30,6,30,15
17:00,19:30,7,30,3
17:00,19:30,8,30,7
19:00,21:30,1,30,13
19:00,21:30,2,30,1
19:00,21:30,3,30,5
19:00,21:30,4,30,9
19:00,21:30,5,30,12
19:00,21:30,6,30,16
19:00,21:30,7,30,4
19:00,21:30,8,30,8
21:00,23:30,1,30,14
21:00,23:30,2,30,2
21:00,23:30,3,30,6
21:00,23:30,4,30,10
21:00,23:30,5,30,13
21:00,23:30,6,30,1
21:00,23:30,7,30,5
21:00,23:30,8,30,9
23:00,1:30,1,30,15
23:00,1:30,2,30,3
23:00,1:30,3,30,7
23:00,1:30,4,30,11
23:00,1:30,5,30,14
23:00,1:30,6,30,2
23:00,1:30,7,30,6
23:00,1:30,8,30,10
1:00,3:30,1,31,16
1:00,3:30,2,31,4
1:00,3:30,3,31,8
1:00,3:30,4,31,12
1:00,3:30,5,31,15
1:00,3:30,6,31,3
1:00,3:30,7,31,7
1:00,3:30,8,31,11
3:00,5:30,1,31,1
3:00,5:30,2,31,5
3:00,5:30,3,31,9
3:00,5:30,4,31,13
3:00,5:30,5,31,16
3:00,5:30,6,31,4
3:00,5:30,7,31,8
3:00,5:30,8,31,12
5:00,7:30,1,31,2
5:00,7:30,2,31,6
5:00,7:30,3,31,10
5:00,7:30,4,31,14
5:00,7:30,5,31,1
5:00,7:30,6,31,5
5:00,7:30,7,31,9
5:00,7:30,8,31,13
7:00,9:30,1,31,3
7:00,9:30,2,31,7
7:00,9:30,3,31,11
7:00,9:30,4,31,15
7:00,9:30,5,31,2
7:00,9:30,6,31,6
7:00,9:30,7,31,10
7:00,9:30,8,31,14
9:00,11:30,1,31,4
9:00,11:30,2,31,8
9:00,11:30,3,31,12
9:00,11:30,4,31,16
9:00,11:30,5,31,3
9:00,11:30,6,31,7
9:00,11:30,7,31,11
9:00,11:30,8,31,15
11:00,13:30,1,31,5
11:00,13:30,2,31,9
11:00,13:30,3,31,13
11:00,13:30,4,31,1
11:00,13:30,5,31,4
11:00,13:30,6,31,8
11:00,13:30,7,31,12
11:00,13:30,8,31,16
13:00,15:30,1,31,6
13:00,15:30,2,31,10
13:00,15:30,3,31,14
13:00,15:30,4,31,2
13:00,15:30,5,31,5
13:00,15:30,6,31,9
13:00,15:30,7,31,13
13:00,15:30,8,31,1
15:00,17:30,1,31,7
15:00,17:30,2,31,11
15:00,17:30,3,31,15
15:00,17:30,4,31,3
15:00,17:30,5,31,6
15:00,17:30,6,31,10
15:00,17:30,7,31,14
15:00,17:30,8,31,2
17:00,19:30,1,31,8
17:00,19:30,2,31,12
17:00,19:30,3,31,16
17:00,19:30,4,31,4
17:00,19:30,5,31,7
17:00,19:30,6,31,11
17:00,19:30,7,31,15
17:00,19:30,8,31,3
19:00,21:30,1,31,9
19:00,21:30,2,31,13
19:00,21:30,3,31,1
19:00,21:30,4,31,5
19:00,21:30,5,31,8
19:00,21:30,6,31,12
19:00,21:30,7,31,16
19:00,21:30,8,31,4
21:00,23:30,1,31,10
21:00,23:30,2,31,14
21:00,23:30,3,31,2
21:00,23:30,4,31,6
21:00,23:30,5,31,9
21:00,23:30,6,31,13
21:00,23:30,7,31,1
21:00,23:30,8,31,5
23:00,1:30,1,31,11
23:00,1:30,2,31,15
23:00,1:30,3,31,3
23:00,1:30,4,31,7
23:00,1:30,5,31,10
23:00,1:30,6,31,14
23:00,1:30,7,31,2
23:00,1:30,8,31,6
